insert into parking_lots (id, created_at)
values
    ('11111111-1111-1111-1111-111111111111', '2026-04-27 12:00:00+00'),
    ('22222222-2222-2222-2222-222222222222', '2026-04-27 12:05:00+00')
on conflict (id) do nothing;

insert into parking_spots (id, parking_lot_id, spot_number, size)
values
    ('11111111-1111-1111-1111-000000000001', '11111111-1111-1111-1111-111111111111', 1, 'Small'),
    ('11111111-1111-1111-1111-000000000002', '11111111-1111-1111-1111-111111111111', 2, 'Small'),
    ('11111111-1111-1111-1111-000000000003', '11111111-1111-1111-1111-111111111111', 3, 'Regular'),
    ('11111111-1111-1111-1111-000000000004', '11111111-1111-1111-1111-111111111111', 4, 'Regular'),
    ('11111111-1111-1111-1111-000000000005', '11111111-1111-1111-1111-111111111111', 5, 'Regular'),
    ('11111111-1111-1111-1111-000000000006', '11111111-1111-1111-1111-111111111111', 6, 'Large'),
    ('22222222-2222-2222-2222-000000000001', '22222222-2222-2222-2222-222222222222', 1, 'Small'),
    ('22222222-2222-2222-2222-000000000002', '22222222-2222-2222-2222-222222222222', 2, 'Regular'),
    ('22222222-2222-2222-2222-000000000003', '22222222-2222-2222-2222-222222222222', 3, 'Regular'),
    ('22222222-2222-2222-2222-000000000004', '22222222-2222-2222-2222-222222222222', 4, 'Large'),
    ('22222222-2222-2222-2222-000000000005', '22222222-2222-2222-2222-222222222222', 5, 'Large')
on conflict (id) do nothing;

insert into parked_vehicles (id, parking_lot_id, license_plate, vehicle_type, parked_at)
values
    ('33333333-3333-3333-3333-333333333333', '22222222-2222-2222-2222-222222222222', 'DEMO-CAR', 'Car', '2026-04-27 12:10:00+00'),
    ('44444444-4444-4444-4444-444444444444', '22222222-2222-2222-2222-222222222222', 'DEMO-VAN', 'Van', '2026-04-27 12:15:00+00')
on conflict (id) do nothing;

insert into vehicle_spots (vehicle_id, spot_id)
values
    ('33333333-3333-3333-3333-333333333333', '22222222-2222-2222-2222-000000000002'),
    ('44444444-4444-4444-4444-444444444444', '22222222-2222-2222-2222-000000000004')
on conflict do nothing;
